# recorded=2026-10-03, cpu=AMD Ryzen 7 7840HS, kernel=Linux 7.0.0-38-generic, affinity=unpinned
# zig=0.17.0-dev.2281+83624acf6, optimize=fast, arch=x86_64, os=linux, allocator=smp_allocator
# glyphs=128, passes=100, samples=7, warmup_passes=2, clock=awake
# allocation statistics are from a separate run; timing uses the unwrapped allocator
font,pixel_height,mode,sample,glyph_renders,elapsed_ns,alloc_calls,resize_calls,remap_calls,free_calls,peak_requested_bytes,retained_temp_bytes,pixel_capacity_bytes,checksum
GoNotoCurrent-Regular,12,one_shot,0,12800,50768727,165600,80800,68400,165600,14291,0,165,69984b7a79bc613a
GoNotoCurrent-Regular,12,workspace,0,12800,51130036,0,0,0,0,39217,39052,165,69984b7a79bc613a
GoNotoCurrent-Regular,12,workspace,1,12800,50945424,0,0,0,0,39217,39052,165,69984b7a79bc613a
GoNotoCurrent-Regular,12,one_shot,1,12800,54139510,165600,80800,68400,165600,14291,0,165,69984b7a79bc613a
GoNotoCurrent-Regular,12,one_shot,2,12800,55404853,165600,80800,68400,165600,14291,0,165,69984b7a79bc613a
GoNotoCurrent-Regular,12,workspace,2,12800,59471271,0,0,0,0,39217,39052,165,69984b7a79bc613a
GoNotoCurrent-Regular,12,workspace,3,12800,54688387,0,0,0,0,39217,39052,165,69984b7a79bc613a
GoNotoCurrent-Regular,12,one_shot,3,12800,59556158,165600,80800,68400,165600,14291,0,165,69984b7a79bc613a
GoNotoCurrent-Regular,12,one_shot,4,12800,60840156,165600,80800,68400,165600,14291,0,165,69984b7a79bc613a
GoNotoCurrent-Regular,12,workspace,4,12800,56067914,0,0,0,0,39217,39052,165,69984b7a79bc613a
GoNotoCurrent-Regular,12,workspace,5,12800,50618502,0,0,0,0,39217,39052,165,69984b7a79bc613a
GoNotoCurrent-Regular,12,one_shot,5,12800,50987135,165600,80800,68400,165600,14291,0,165,69984b7a79bc613a
GoNotoCurrent-Regular,12,one_shot,6,12800,51022936,165600,80800,68400,165600,14291,0,165,69984b7a79bc613a
GoNotoCurrent-Regular,12,workspace,6,12800,52484273,0,0,0,0,39217,39052,165,69984b7a79bc613a
GoNotoCurrent-Regular,32,one_shot,0,12800,73165169,158600,80600,68800,158600,15142,0,1220,e228cffe564b423d
GoNotoCurrent-Regular,32,workspace,0,12800,76490212,0,0,0,0,39284,38064,1220,e228cffe564b423d
GoNotoCurrent-Regular,32,workspace,1,12800,76403001,0,0,0,0,39284,38064,1220,e228cffe564b423d
GoNotoCurrent-Regular,32,one_shot,1,12800,72944545,158600,80600,68800,158600,15142,0,1220,e228cffe564b423d
GoNotoCurrent-Regular,32,one_shot,2,12800,75824877,158600,80600,68800,158600,15142,0,1220,e228cffe564b423d
GoNotoCurrent-Regular,32,workspace,2,12800,76149364,0,0,0,0,39284,38064,1220,e228cffe564b423d
GoNotoCurrent-Regular,32,workspace,3,12800,76398421,0,0,0,0,39284,38064,1220,e228cffe564b423d
GoNotoCurrent-Regular,32,one_shot,3,12800,75613532,158600,80600,68800,158600,15142,0,1220,e228cffe564b423d
GoNotoCurrent-Regular,32,one_shot,4,12800,73281136,158600,80600,68800,158600,15142,0,1220,e228cffe564b423d
GoNotoCurrent-Regular,32,workspace,4,12800,76778949,0,0,0,0,39284,38064,1220,e228cffe564b423d
GoNotoCurrent-Regular,32,workspace,5,12800,74067549,0,0,0,0,39284,38064,1220,e228cffe564b423d
GoNotoCurrent-Regular,32,one_shot,5,12800,73457292,158600,80600,68800,158600,15142,0,1220,e228cffe564b423d
GoNotoCurrent-Regular,32,one_shot,6,12800,73472351,158600,80600,68800,158600,15142,0,1220,e228cffe564b423d
GoNotoCurrent-Regular,32,workspace,6,12800,74560335,0,0,0,0,39284,38064,1220,e228cffe564b423d
GoNotoCurrent-Regular,96,one_shot,0,12800,153790743,154100,96300,71600,154100,32752,0,9128,9b18c4fd81d1af88
GoNotoCurrent-Regular,96,workspace,0,12800,152754730,0,0,0,0,36578,27450,9128,9b18c4fd81d1af88
GoNotoCurrent-Regular,96,workspace,1,12800,155188105,0,0,0,0,36578,27450,9128,9b18c4fd81d1af88
GoNotoCurrent-Regular,96,one_shot,1,12800,156459990,154100,96300,71600,154100,32752,0,9128,9b18c4fd81d1af88
GoNotoCurrent-Regular,96,one_shot,2,12800,153433533,154100,96300,71600,154100,32752,0,9128,9b18c4fd81d1af88
GoNotoCurrent-Regular,96,workspace,2,12800,158193712,0,0,0,0,36578,27450,9128,9b18c4fd81d1af88
GoNotoCurrent-Regular,96,workspace,3,12800,152908312,0,0,0,0,36578,27450,9128,9b18c4fd81d1af88
GoNotoCurrent-Regular,96,one_shot,3,12800,151523525,154100,96300,71600,154100,32752,0,9128,9b18c4fd81d1af88
GoNotoCurrent-Regular,96,one_shot,4,12800,151875695,154100,96300,71600,154100,32752,0,9128,9b18c4fd81d1af88
GoNotoCurrent-Regular,96,workspace,4,12800,153585801,0,0,0,0,36578,27450,9128,9b18c4fd81d1af88
GoNotoCurrent-Regular,96,workspace,5,12800,152862231,0,0,0,0,36578,27450,9128,9b18c4fd81d1af88
GoNotoCurrent-Regular,96,one_shot,5,12800,152769169,154100,96300,71600,154100,32752,0,9128,9b18c4fd81d1af88
GoNotoCurrent-Regular,96,one_shot,6,12800,153193472,154100,96300,71600,154100,32752,0,9128,9b18c4fd81d1af88
GoNotoCurrent-Regular,96,workspace,6,12800,157180343,0,0,0,0,36578,27450,9128,9b18c4fd81d1af88
StandardSymbolsPS,12,one_shot,0,12800,46696126,120500,51600,37600,120500,6430,0,158,b86681f0f945cf56
StandardSymbolsPS,12,workspace,0,12800,49458666,0,0,0,0,11224,11066,158,b86681f0f945cf56
StandardSymbolsPS,12,workspace,1,12800,46929694,0,0,0,0,11224,11066,158,b86681f0f945cf56
StandardSymbolsPS,12,one_shot,1,12800,48772069,120500,51600,37600,120500,6430,0,158,b86681f0f945cf56
StandardSymbolsPS,12,one_shot,2,12800,45816962,120500,51600,37600,120500,6430,0,158,b86681f0f945cf56
StandardSymbolsPS,12,workspace,2,12800,47458452,0,0,0,0,11224,11066,158,b86681f0f945cf56
StandardSymbolsPS,12,workspace,3,12800,46617602,0,0,0,0,11224,11066,158,b86681f0f945cf56
StandardSymbolsPS,12,one_shot,3,12800,46680566,120500,51600,37600,120500,6430,0,158,b86681f0f945cf56
StandardSymbolsPS,12,one_shot,4,12800,48882336,120500,51600,37600,120500,6430,0,158,b86681f0f945cf56
StandardSymbolsPS,12,workspace,4,12800,47017207,0,0,0,0,11224,11066,158,b86681f0f945cf56
StandardSymbolsPS,12,workspace,5,12800,48877186,0,0,0,0,11224,11066,158,b86681f0f945cf56
StandardSymbolsPS,12,one_shot,5,12800,46983209,120500,51600,37600,120500,6430,0,158,b86681f0f945cf56
StandardSymbolsPS,12,one_shot,6,12800,48667604,120500,51600,37600,120500,6430,0,158,b86681f0f945cf56
StandardSymbolsPS,12,workspace,6,12800,50652609,0,0,0,0,11224,11066,158,b86681f0f945cf56
StandardSymbolsPS,32,one_shot,0,12800,79031878,120800,68700,41100,120800,11202,0,854,3f67fa51448b81eb
StandardSymbolsPS,32,workspace,0,12800,74968015,0,0,0,0,38850,37996,854,3f67fa51448b81eb
StandardSymbolsPS,32,workspace,1,12800,80443979,0,0,0,0,38850,37996,854,3f67fa51448b81eb
StandardSymbolsPS,32,one_shot,1,12800,79828421,120800,68700,41100,120800,11202,0,854,3f67fa51448b81eb
StandardSymbolsPS,32,one_shot,2,12800,81788908,120800,68700,41100,120800,11202,0,854,3f67fa51448b81eb
StandardSymbolsPS,32,workspace,2,12800,86861510,0,0,0,0,38850,37996,854,3f67fa51448b81eb
StandardSymbolsPS,32,workspace,3,12800,77786415,0,0,0,0,38850,37996,854,3f67fa51448b81eb
StandardSymbolsPS,32,one_shot,3,12800,73927714,120800,68700,41100,120800,11202,0,854,3f67fa51448b81eb
StandardSymbolsPS,32,one_shot,4,12800,73555343,120800,68700,41100,120800,11202,0,854,3f67fa51448b81eb
StandardSymbolsPS,32,workspace,4,12800,74192424,0,0,0,0,38850,37996,854,3f67fa51448b81eb
StandardSymbolsPS,32,workspace,5,12800,73988463,0,0,0,0,38850,37996,854,3f67fa51448b81eb
StandardSymbolsPS,32,one_shot,5,12800,73474255,120800,68700,41100,120800,11202,0,854,3f67fa51448b81eb
StandardSymbolsPS,32,one_shot,6,12800,73931111,120800,68700,41100,120800,11202,0,854,3f67fa51448b81eb
StandardSymbolsPS,32,workspace,6,12800,74988916,0,0,0,0,38850,37996,854,3f67fa51448b81eb
StandardSymbolsPS,96,one_shot,0,12800,148139405,122400,96400,47800,122400,29294,0,9818,e728975ad579db52
StandardSymbolsPS,96,workspace,0,12800,153930717,0,0,0,0,31112,21294,9818,e728975ad579db52
StandardSymbolsPS,96,workspace,1,12800,152274398,0,0,0,0,31112,21294,9818,e728975ad579db52
StandardSymbolsPS,96,one_shot,1,12800,147579245,122400,96400,47800,122400,29294,0,9818,e728975ad579db52
StandardSymbolsPS,96,one_shot,2,12800,147239339,122400,96400,47800,122400,29294,0,9818,e728975ad579db52
StandardSymbolsPS,96,workspace,2,12800,149194034,0,0,0,0,31112,21294,9818,e728975ad579db52
StandardSymbolsPS,96,workspace,3,12800,152215652,0,0,0,0,31112,21294,9818,e728975ad579db52
StandardSymbolsPS,96,one_shot,3,12800,145962404,122400,96400,47800,122400,29294,0,9818,e728975ad579db52
StandardSymbolsPS,96,one_shot,4,12800,144503892,122400,96400,47800,122400,29294,0,9818,e728975ad579db52
StandardSymbolsPS,96,workspace,4,12800,147019698,0,0,0,0,31112,21294,9818,e728975ad579db52
StandardSymbolsPS,96,workspace,5,12800,147564968,0,0,0,0,31112,21294,9818,e728975ad579db52
StandardSymbolsPS,96,one_shot,5,12800,146776240,122400,96400,47800,122400,29294,0,9818,e728975ad579db52
StandardSymbolsPS,96,one_shot,6,12800,147774098,122400,96400,47800,122400,29294,0,9818,e728975ad579db52
StandardSymbolsPS,96,workspace,6,12800,151242263,0,0,0,0,31112,21294,9818,e728975ad579db52
